Date,Time,Bus,Route,Driver,Device,Passenger Type,On/Off,Count,tripId,,
5/5/2010,1:00:00,xxx,Blue Line,xxx,manual,one,on,30,44311,,
5/5/2010,1:00:00,xxx,Green Line,xxx,manual,one,on,23,44312,,
5/5/2010,1:00:00,xxx,Grocery,xxx,manual,one,on,31,44312,,
5/5/2010,1:00:00,xxx,Pappi,xxx,manual,one,on,16,,,
5/5/2010,1:00:00,xxx,Gold Line,xxx,manual,one,on,30,,,
5/5/2010,1:00:00,xxx,Gold Line,xxx,manual,one,on,2,,,
5/6/2010,1:00:00,xxx,Blue Line,xxx,manual,one,on,35,44311,,
6/1/2010,1:00:00,xxx,Green Line,xxx,manual,one,on,17,,,
6/2/2010,1:00:00,xxx,Green Line,xxx,manual,one,on,15,,,
6/2/2010,1:00:00,xxx,Gold Line,xxx,manual,one,on,35,,,
6/3/2010,1:00:00,xxx,Green Line,xxx,manual,one,on,17,,,
6/4/2010,1:00:00,xxx,Green Line,xxx,manual,one,on,15,,,
6/7/2010,1:00:00,xxx,Green Line,xxx,manual,one,on,12,,,
6/8/2010,1:00:00,xxx,Green Line,xxx,manual,one,on,37,,,
6/14/2010,1:00:00,xxx,Green Line,xxx,manual,one,on,10,,,
6/15/2010,1:00:00,xxx,Green Line,xxx,manual,one,on,19,,,
6/16/2010,1:00:00,xxx,Green Line,xxx,manual,one,on,17,,,
6/17/2010,1:00:00,xxx,Green Line,xxx,manual,one,on,19,,,
6/18/2010,1:00:00,xxx,Green Line,xxx,manual,one,on,16,,,
6/21/2010,1:00:00,xxx,Green Line,xxx,manual,one,on,18,,,
6/22/2010,1:00:00,xxx,Green Line,xxx,manual,one,on,16,,,
6/23/2010,1:00:00,xxx,Green Line,xxx,manual,one,on,18,,,
6/24/2010,1:00:00,xxx,Green Line,xxx,manual,one,on,28,,,
6/25/2010,1:00:00,xxx,Green Line,xxx,manual,one,on,16,,,
6/26/2010,1:00:00,xxx,Grocery,xxx,manual,one,on,32,,,
6/28/2010,1:00:00,xxx,Green Line,xxx,manual,one,on,21,,,
6/29/2010,1:00:00,xxx,Pappi,xxx,manual,one,on,66,,,
6/29/2010,1:00:00,xxx,Green Line,xxx,manual,one,on,18,,,
6/29/2010,1:00:00,xxx,Blue Line,xxx,manual,one,on,96,,,
6/30/2010,1:00:00,xxx,Pappi,xxx,manual,one,on,68,,,
6/30/2010,1:00:00,xxx,Green Line,xxx,manual,one,on,19,,,
6/30/2010,1:00:00,xxx,Blue Line,xxx,manual,one,on,52,,,
7/1/2010,1:00:00,xxx,Pappi,xxx,manual,one,on,40,,,
7/1/2010,1:00:00,xxx,Green Line,xxx,manual,one,on,19,,,
7/1/2010,1:00:00,xxx,Blue Line,xxx,manual,one,on,44,,,
7/2/2010,1:00:00,xxx,Pappi,xxx,manual,one,on,16,,,
7/2/2010,1:00:00,xxx,Green Line,xxx,manual,one,on,17,,,
7/2/2010,1:00:00,xxx,Blue Line,xxx,manual,one,on,22,,,
7/3/2010,1:00:00,xxx,Grocery,xxx,manual,one,on,34,,,
7/6/2010,1:00:00,xxx,Pappi,xxx,manual,one,on,33,,,
7/6/2010,1:00:00,xxx,Green Line,xxx,manual,one,on,18,,,
7/6/2010,1:00:00,xxx,Blue Line,xxx,manual,one,on,38,,,
7/6/2010,1:00:00,xxx,Gold Line,xxx,manual,one,on,8,,,
7/7/2010,1:00:00,xxx,Pappi,xxx,manual,one,on,39,,,
7/7/2010,1:00:00,xxx,Green Line,xxx,manual,one,on,20,,,
7/7/2010,1:00:00,xxx,Blue Line,xxx,manual,one,on,23,,,
7/7/2010,1:00:00,xxx,Gold Line,xxx,manual,one,on,1,,,
7/8/2010,1:00:00,xxx,Pappi,xxx,manual,one,on,2,,,
7/8/2010,1:00:00,xxx,Green Line,xxx,manual,one,on,161,,,
7/8/2010,1:00:00,xxx,Blue Line,xxx,manual,one,on,31,,,
7/8/2010,1:00:00,xxx,Gold Line,xxx,manual,one,on,9,,,
7/9/2010,1:00:00,xxx,Pappi,xxx,manual,one,on,2,,,
7/9/2010,1:00:00,xxx,Green Line,xxx,manual,one,on,17,,,
7/9/2010,1:00:00,xxx,Blue Line,xxx,manual,one,on,26,,,
7/10/2010,1:00:00,xxx,Grocery,xxx,manual,one,on,65,,,
7/12/2010,1:00:00,xxx,Pappi,xxx,manual,one,on,5,,,
7/12/2010,1:00:00,xxx,Green Line,xxx,manual,one,on,20,,,
7/12/2010,1:00:00,xxx,Blue Line,xxx,manual,one,on,24,,,
7/13/2010,1:00:00,xxx,Pappi,xxx,manual,one,on,3,,,
7/13/2010,1:00:00,xxx,Green Line,xxx,manual,one,on,19,,,
7/13/2010,1:00:00,xxx,Blue Line,xxx,manual,one,on,48,,,
7/13/2010,1:00:00,xxx,Gold Line,xxx,manual,one,on,2,,,
7/14/2010,1:00:00,xxx,Pappi,xxx,manual,one,on,3,,,
7/14/2010,1:00:00,xxx,Green Line,xxx,manual,one,on,19,,,
7/14/2010,1:00:00,xxx,Blue Line,xxx,manual,one,on,25,,,
7/15/2010,1:00:00,xxx,Pappi,xxx,manual,one,on,6,,,
7/15/2010,1:00:00,xxx,Green Line,xxx,manual,one,on,20,,,
7/15/2010,1:00:00,xxx,Blue Line,xxx,manual,one,on,31,,,
7/15/2010,1:00:00,xxx,Gold Line,xxx,manual,one,on,11,,,
7/16/2010,1:00:00,xxx,Green Line,xxx,manual,one,on,14,,,
7/16/2010,1:00:00,xxx,Blue Line,xxx,manual,one,on,26,,,
7/17/2010,1:00:00,xxx,Grocery,xxx,manual,one,on,54,,,
7/19/2010,1:00:00,xxx,Green Line,xxx,manual,one,on,22,,,
7/19/2010,1:00:00,xxx,Gold Line,xxx,manual,one,on,3,,,
7/20/2010,1:00:00,xxx,Pappi,xxx,manual,one,on,7,,,
7/20/2010,1:00:00,xxx,Green Line,xxx,manual,one,on,29,,,
7/20/2010,1:00:00,xxx,Blue Line,xxx,manual,one,on,44,,,
7/20/2010,1:00:00,xxx,Gold Line,xxx,manual,one,on,4,,,
7/21/2010,1:00:00,xxx,Pappi,xxx,manual,one,on,2,,,
7/21/2010,1:00:00,xxx,Green Line,xxx,manual,one,on,17,,,
7/21/2010,1:00:00,xxx,Blue Line,xxx,manual,one,on,46,,,
7/21/2010,1:00:00,xxx,Gold Line,xxx,manual,one,on,4,,,
7/22/2010,1:00:00,xxx,Pappi,xxx,manual,one,on,5,,,
7/22/2010,1:00:00,xxx,Green Line,xxx,manual,one,on,20,,,
7/22/2010,1:00:00,xxx,Blue Line,xxx,manual,one,on,30,,,
7/23/2010,1:00:00,xxx,Pappi,xxx,manual,one,on,2,,,
7/23/2010,1:00:00,xxx,Green Line,xxx,manual,one,on,17,,,
7/23/2010,1:00:00,xxx,Blue Line,xxx,manual,one,on,27,,,
7/24/2010,1:00:00,xxx,Grocery,xxx,manual,one,on,59,,,
7/26/2010,1:00:00,xxx,Green Line,xxx,manual,one,on,13,,,
7/26/2010,1:00:00,xxx,Gold Line,xxx,manual,one,on,8,,,
7/26/2010,1:00:00,xxx,Pappi,xxx,manual,one,on,5,,,
7/27/2010,1:00:00,xxx,Green Line,xxx,manual,one,on,19,,,
7/27/2010,1:00:00,xxx,Gold Line,xxx,manual,one,on,6,,,
7/27/2010,1:00:00,xxx,Pappi,xxx,manual,one,on,5,,,
7/28/2010,1:00:00,xxx,Blue Line,xxx,manual,one,on,31,,,
7/28/2010,1:00:00,xxx,Gold Line,xxx,manual,one,on,5,,,
7/29/2010,1:00:00,xxx,Green Line,xxx,manual,one,on,19,,,
7/29/2010,1:00:00,xxx,Blue Line,xxx,manual,one,on,41,,,
